First Name,Last Name,Email,Phone,Date of birth,Job Title
Shelia,Mahoney,pwarner@example.org,857.139.8239,2014-01-27,Probation officer
Jo,Rivers,fergusonkatherine@example.net,+1-950-759-8687,1931-07-26,Dancer
Sheryl,Lowery,fhoward@example.org,(599)782-0605,2013-11-25,Copy
Whitney,Hooper,zjohnston@example.com,+1-939-130-6258,2012-11-17,Counselling psychologist
Lindsey,Rice,elin@example.net,(390)417-1635x3010,1923-04-15,Biomedical engineer
Sherry,Caldwell,kaitlin13@example.net,8537800927,1917-08-06,Higher education lecturer
Ernest,Hoffman,jeffharvey@example.com,093.655.7480x7895,1984-12-22,Health visitor
Doris,Andersen,alicia33@example.org,4709522945,2016-12-02,Air broker
Cheryl,Mays,jake50@example.com,013.820.4758,2012-12-16,"Designer, multimedia"
Harry,Mitchell,lanechristina@example.net,(560)903-5068x4985,1953-06-29,Insurance account manager
Casey,Ayala,ncantu@example.com,8629884096,2020-04-17,"Scientist, water quality"
Sara,Huff,kristy41@example.net,+1-041-859-3844x272,1964-05-21,Metallurgist
Eddie,Barnes,brandy23@example.com,801.809.9181x37308,1975-02-27,Dramatherapist
Ralph,Lowe,dleon@example.org,+1-511-127-6660x230,1938-04-10,"Presenter, broadcasting"
Priscilla,Davis,latasha46@example.org,903.545.8947,2014-03-16,"Nurse, mental health"
Carly,Abbott,stricklandomar@example.org,(416)979-0633x058,2007-10-27,Therapeutic radiographer
Nicolas,Mckinney,twilkinson@example.com,244-054-8521x1913,1951-07-04,Land
Natasha,Macias,dorothymeza@example.com,(929)366-8549x3587,1971-10-31,Recruitment consultant
Courtney,Jenkins,estesana@example.org,(973)243-9193,1948-01-20,Accounting technician
Perry,Mcmahon,allison66@example.net,060-611-9377x90160,2006-11-24,"Education officer, museum"
Emily,Travis,jordankelley@example.com,601.838.8295x89942,1933-11-19,Tax inspector
Meghan,Hawkins,ehatfield@example.com,668.063.9568x7257,1974-08-21,"Engineer, land"
Ernest,Oconnell,lanedarius@example.com,+1-024-909-1783,1943-06-09,Printmaker
Norman,Walton,samanthasummers@example.org,(590)187-8007x273,1973-06-19,Personnel officer
Roger,Sweeney,leblancjohnathan@example.org,+1-927-383-6844,2008-09-09,Race relations officer
Ethan,Wu,jay82@example.net,972.064.3833x5347,2018-07-17,Microbiologist
Catherine,Myers,sara05@example.org,(614)275-6966x22597,2007-08-22,Industrial buyer
Catherine,Nash,nelsonlori@example.org,(322)679-7824,1949-08-03,"Production assistant, radio"
Corey,Delgado,phillip27@example.net,989.482.6130x996,2014-06-05,Agricultural consultant
Hunter,Hahn,jimsellers@example.com,975-190-7875x3293,1943-02-22,Chief Financial Officer
Dakota,Gomez,jadecollier@example.com,(291)853-7982x0123,1914-11-26,Insurance broker
Nathaniel,Clarke,george75@example.org,(984)863-5741x7054,1910-11-23,Information systems manager
Marco,Reyes,ramosjonathon@example.org,(977)846-8023,1965-07-28,"Psychologist, sport and exercise"
Todd,Weber,hessrachel@example.com,526-208-4712x10329,2019-11-30,Ergonomist
Bryan,Vaughn,fhughes@example.org,5642635347,1964-04-18,Sports therapist
Adrienne,Lambert,marilyn91@example.org,157.425.5345,2019-06-16,Comptroller
Seth,Hess,ebranch@example.net,600-706-8696x839,1910-02-21,Claims inspector/assessor
Stefanie,Sherman,rickeykelley@example.com,557-620-5663,1966-10-26,Hospital doctor
Kent,Velez,hammonddestiny@example.org,000-364-9407x55677,2004-05-23,"Investment banker, corporate"
Angela,Huff,anitamckenzie@example.net,(116)776-0713x4684,1922-09-16,"Pilot, airline"
Harry,Moore,debbieturner@example.net,+1-932-606-8425x22206,1951-07-19,Insurance underwriter
Kristopher,Barnes,frederick54@example.org,341.096.2708x237,1950-02-23,"Engineer, mining"
Rachael,Herrera,msummers@example.net,+1-833-716-3269x028,1927-05-04,Armed forces technical officer
Vincent,Berger,shannonrandy@example.org,+1-262-558-4739,1907-12-16,"Psychologist, educational"
Don,Bolton,kkey@example.net,001-313-023-3603x2485,1985-12-28,Housing manager/officer
Olivia,Duke,diana26@example.net,001-366-475-8607x04350,1934-10-13,Dentist
Erik,Rosales,alejandro41@example.net,(412)388-9715,2019-05-06,Prison officer
Judith,Wall,marvinmolina@example.org,353.983.3416,1985-12-25,Restaurant manager
Chloe,Ramirez,tblack@example.net,355-371-5885x826,1907-07-28,"Psychotherapist, dance movement"
George,Mercer,douglascontreras@example.net,+1-326-669-0118x4341,1941-09-11,Human resources officer
Jo,Zavala,pamela64@example.net,001-859-448-9935x54536,1992-11-23,"Nurse, adult"
Joshua,Carey,dianashepherd@example.net,001-274-739-8470x814,1915-01-07,Seismic interpreter
Rickey,Hobbs,ingramtiffany@example.org,241.179.9509x498,1910-07-01,Barrister
Robyn,Reilly,carriecrawford@example.org,207.797.8345x6177,1982-07-27,"Engineer, structural"
Christina,Conrad,fuentesclaudia@example.net,001-599-042-7428x143,1998-01-06,"Producer, radio"
Shelby,Cole,kaneaudrey@example.org,663-280-5834,1975-08-18,"Therapist, nutritional"
Steve,Donovan,rebekahsantos@example.net,258287997,1935-04-14,Paediatric nurse
Gina,Little,craig28@example.com,125.219.3673x0076,1954-10-07,Production engineer
Connie,Dawson,connercourtney@example.net,650-748-3069x64529,1979-07-21,"Accountant, chartered certified"
Aaron,Page,harrygallagher@example.com,849.500.6331x717,1981-03-11,Administrator
Lance,Bradshaw,pennymeyer@example.org,001-231-320-5609x40384,1974-07-13,Data scientist
Mary,Daniels,glencherry@example.org,001-937-255-8809x077,1993-07-31,Occupational hygienist
Yesenia,Harding,robertablackburn@example.com,(752)468-1821x6065,1906-10-28,"Nurse, mental health"
Shane,Reyes,jacquelinephelps@example.org,246-500-3955,1956-02-11,Art therapist
Norma,Olson,nealtristan@example.org,826-156-4347x8894,2012-01-17,Academic librarian
Melinda,Haas,wernermatthew@example.org,3448565378,1983-10-16,Musician
Darrell,Fuller,shannonmahoney@example.org,173701718,1940-10-23,"Engineer, petroleum"
Priscilla,Valenzuela,jsantos@example.net,939.856.5702,1943-03-20,"Journalist, newspaper"
Karla,Steele,gwendolyn67@example.org,+1-153-975-9160x54877,1939-05-09,Surgeon
Alexandria,Mcguire,zalvarado@example.org,861113397,1977-11-05,Building surveyor
Joanna,Doyle,barbaralowe@example.com,757.454.8723x425,1938-04-12,"Engineer, structural"
Lydia,Neal,jeffrey19@example.org,632.827.2115,1939-09-12,Veterinary surgeon
Darryl,Meyer,robynwoodard@example.org,464-501-0971x93579,1995-05-10,Orthoptist
Alice,Harding,hickmanapril@example.org,(192)564-7672,1977-06-14,"Administrator, arts"
Seth,Pratt,lawsonsheri@example.org,+1-153-763-3245x239,1948-04-30,Accounting technician
Amy,Payne,gibsonjames@example.com,549.897.3335,2011-08-22,Museum/gallery curator
Vickie,Mccoy,costacameron@example.net,9183232835,1992-09-14,Neurosurgeon
Hector,Sparks,kendra27@example.com,777.238.3474,1953-06-07,"Designer, fashion/clothing"
Colin,Conley,glenn29@example.net,717.061.0941,1938-11-29,Surgeon
Joshua,Grant,ndodson@example.org,974.866.5670,1952-08-23,Therapeutic radiographer
Yesenia,Key,hreid@example.net,+1-006-497-5864x90856,1988-03-29,Local government officer
Meghan,Humphrey,parrishbenjamin@example.net,890-134-1311,1962-09-27,"Research officer, trade union"
Eddie,Daniels,woodsjerry@example.org,475.777.8494x2737,1975-06-14,Armed forces technical officer
Joyce,Abbott,dporter@example.net,673.878.6558x33809,1994-08-29,Recruitment consultant
Isaiah,Olson,franciscoshah@example.net,406-298-3045,1974-04-30,Chief Financial Officer
Curtis,Haney,ofletcher@example.com,+1-419-424-3949,1988-01-22,Health and safety adviser
Devon,Henry,brandy99@example.net,(839)224-3577,1982-09-20,"Civil engineer, contracting"
Jordan,Long,scottspence@example.com,+1-275-728-6459,1913-01-21,Publishing rights manager
Tom,Mccarty,thomasjefferson@example.com,+1-008-555-9017x5699,1967-04-20,Paediatric nurse
Bethany,Davila,ashley45@example.net,(021)896-7173,1922-08-25,"Surveyor, commercial/residential"
Ariel,Blankenship,baileyblake@example.net,412659505,1973-01-21,Actuary
Jaclyn,Mclean,zavalamackenzie@example.com,894-297-7449x0521,1982-04-12,Human resources officer
Stephanie,Donovan,mandyvillarreal@example.com,5419583323,2012-08-02,Medical sales representative
Carly,Brooks,fmelendez@example.org,358.163.4148x2319,2006-07-28,Production engineer
Dominique,Stevenson,bennettmisty@example.org,(638)229-8203x412,1988-12-09,Art gallery manager
Doris,Holmes,nguyentonya@example.net,7631450835,1973-12-10,"Engineer, materials"
Joe,Acevedo,lori87@example.net,1289379504,1974-09-10,Immigration officer
Tony,Melendez,riveralaura@example.net,+1-618-303-1920,1924-01-22,Environmental health practitioner
Lydia,Vargas,carly49@example.com,(656)329-5478,1948-03-06,"Accountant, chartered"
Matthew,Yoder,druiz@example.org,702.591.8573,1993-06-17,Insurance account manager
Laura,Bishop,stoutjennifer@example.org,3696493045,2001-10-13,Legal executive
Vernon,Terry,haysmario@example.net,343-058-6684,1960-08-13,"Nurse, adult"
Roberta,Hodge,kfoley@example.com,+1-997-465-0335x4485,1922-04-29,Translator
Janet,Heath,nramos@example.org,436.750.6198x86373,1989-12-11,Fitness centre manager
Taylor,Paul,hector24@example.net,+1-586-452-9418,1946-02-12,Games developer
Ariana,Potter,malonenina@example.org,001-206-682-7783x4353,1959-12-11,"Surveyor, building control"
Dave,Myers,beanfrederick@example.com,064-606-7086,1953-11-17,"Therapist, nutritional"
Beth,Harrington,simmonsbrenda@example.net,001-371-758-0962x02689,1977-01-16,Field seismologist
Diamond,Spence,hrogers@example.org,461-212-2090x4522,1962-04-08,Dance movement psychotherapist
Timothy,Weeks,smiranda@example.net,5528746828,1971-01-12,"Engineer, technical sales"
Victor,Castro,barbara05@example.com,(443)703-9896x46775,1939-10-27,Audiological scientist
Samantha,Harris,wthompson@example.com,948-848-5407x6058,1965-07-17,Commercial art gallery manager
Priscilla,Bean,galvanamanda@example.net,976.976.4060x497,1949-09-29,Retail buyer
Erica,Atkins,bradycain@example.org,743-835-6511,2018-08-01,"Psychologist, clinical"
Tonya,Blankenship,summer68@example.org,001-385-949-1206x66591,1926-09-30,Insurance underwriter
Diane,Small,cuevasyesenia@example.com,(918)520-3208x3647,1995-01-10,Waste management officer
Karl,Floyd,franklincarroll@example.org,001-017-417-0832x943,1937-10-03,Metallurgist
Dana,Higgins,pnielsen@example.org,001-414-299-1667,2020-10-22,Garment/textile technologist
Neil,Sawyer,angiecosta@example.com,+1-369-936-8657,1961-03-22,Geophysical data processor
Julia,Acosta,saradoyle@example.net,907-736-0570,1915-04-29,Nutritional therapist
Brandy,Carpenter,jcraig@example.com,(770)225-7292x865,1990-09-16,Clinical biochemist
Darren,Manning,ocurtis@example.org,(278)176-8091x59960,1979-08-08,"Runner, broadcasting/film/video"
Roger,Beasley,oochoa@example.com,8399917932,1968-01-29,Armed forces logistics/support/administrative officer
Albert,Tyler,careyteresa@example.com,989.634.0396,2000-03-21,"Surveyor, hydrographic"
Tracie,Mooney,nicolas31@example.com,291.587.2513x569,2016-02-06,"Engineer, structural"
Tim,Ponce,sblair@example.net,001-183-061-5706,1923-09-04,Museum/gallery conservator
Margaret,Carr,kara78@example.com,392.522.2649x43694,1990-08-09,Television camera operator
Autumn,Davis,sierrabrock@example.com,(074)697-9276x0345,1929-11-25,Hydrographic surveyor
Christina,Hendrix,cchandler@example.org,283.514.2546,1963-02-09,IT sales professional
Andrew,Holden,yolanda80@example.com,840.520.0168,1983-10-08,Fitness centre manager
April,Hebert,tammie24@example.org,600.473.3696x9138,1940-02-06,Clinical research associate
Peter,Long,terrance42@example.com,658.589.4668x5099,1988-06-12,Artist
Christina,Carter,joannacastaneda@example.com,371.388.5547x616,1966-10-08,"Engineer, agricultural"
David,Faulkner,costaariel@example.com,001-892-550-0086x088,2010-09-23,Museum/gallery exhibitions officer
Willie,Arellano,owensmeghan@example.com,+1-029-184-8369x33344,1959-08-01,Interior and spatial designer
Traci,Sosa,mckinneyelijah@example.org,954.146.7056,1985-12-18,Financial adviser
Alexandria,Burgess,franklinnoah@example.com,(033)223-1221x741,1952-05-20,Glass blower/designer
Manuel,Castro,michellefranco@example.org,+1-994-294-8696,1949-05-23,Herbalist
Nathan,Glenn,bentontroy@example.com,+1-674-087-8009,1952-03-21,Stage manager
Hailey,Aguirre,ygregory@example.net,285.170.3468,1936-05-24,"Engineer, manufacturing"
Arthur,Lyons,gmckee@example.org,+1-000-117-8461x20805,1974-08-10,"Development worker, community"
Alexa,Washington,garrettgordon@example.net,001-660-127-4590x6546,2004-12-05,"Loss adjuster, chartered"
Jorge,Wells,pattersonlatoya@example.net,939.826.3921x144,1908-05-28,Research scientist (life sciences)
Oscar,Camacho,albertstanton@example.net,853.032.2083,1910-08-23,Fashion designer
Derrick,Cook,javierfrench@example.org,001-438-246-2459x25487,2020-08-21,Product/process development scientist
Teresa,Page,lnash@example.org,001-644-806-9491x2925,2015-12-23,Chiropodist
Randy,Tanner,shellycain@example.org,911-487-0373x8825,1996-03-12,"Civil engineer, consulting"
Joann,Fuller,pstone@example.net,349.036.6379,1919-03-28,Chief Executive Officer
Christopher,Braun,graytami@example.org,+1-656-507-5397,1976-08-24,"Engineer, petroleum"
Malik,Summers,lynn40@example.org,+1-584-890-5151x25199,2022-03-28,Health promotion specialist
Kristi,Sims,starkbrandon@example.org,130-033-4673x91152,1967-01-03,"Surveyor, building"
Mariah,Huang,timothycastro@example.org,384-805-8385x93679,1964-11-19,Research scientist (life sciences)
Monique,Mahoney,vholmes@example.com,001-908-915-3254x88513,1915-08-11,Waste management officer
Stacie,Cardenas,alejandro24@example.org,(554)048-7817x1840,1950-07-17,Writer
Shannon,Cochran,qcarter@example.net,479.731.1408x0288,1985-02-20,Archaeologist
Peggy,Odom,leah97@example.com,+1-499-039-0998x2391,1929-05-25,"Teacher, music"
Anthony,Briggs,marciamullins@example.org,001-299-317-0247,1951-09-15,"Biochemist, clinical"
Perry,Levine,kirsten46@example.org,126-232-7407x795,1989-03-12,Tree surgeon
Denise,Hahn,alexagraves@example.com,580-805-3548x8579,1915-04-05,Architectural technologist
Thomas,Bruce,curtisfrancisco@example.net,001-521-112-6517x8064,1954-10-04,Product designer
Robyn,Paul,seanmcguire@example.org,+1-014-008-0876,1974-06-10,Commercial/residential surveyor
Miguel,Leblanc,whitney63@example.org,006-051-5517,1982-03-19,General practice doctor
Laura,Rice,tharmon@example.net,674-990-9161x259,1989-02-18,Social worker
Madeline,Leach,xcaldwell@example.com,001-701-137-1053x17874,2002-06-25,Camera operator
Christopher,Nixon,blackwellpaige@example.com,(478)900-4374,1999-09-02,Food technologist
Mackenzie,Cantrell,deniseromero@example.net,315.251.1410x1611,1984-04-23,"Engineer, agricultural"
Phyllis,Sanchez,ramseymaria@example.com,1196895633,1919-12-06,Translator
Jesus,Sosa,jflores@example.com,001-516-867-8624x6537,2019-10-28,Careers information officer
Maurice,Hodge,micheal55@example.org,179-217-2547,1930-11-01,Garment/textile technologist
Brittney,Stafford,avilasarah@example.net,+1-043-555-5103x8803,1917-10-13,"Designer, textile"
Dalton,Butler,tonystuart@example.org,+1-129-561-0470x850,1952-05-13,Claims inspector/assessor
Russell,Zamora,isaac99@example.org,+1-720-651-9038x59082,1968-10-29,"Research officer, trade union"
Alex,Stewart,rcosta@example.net,(889)413-9131x24202,1976-05-25,Production engineer
Jenny,Nash,mhall@example.org,879.292.7765,2022-01-26,Graphic designer
Daryl,Koch,ehicks@example.net,121-608-9421,2010-03-11,Private music teacher
Jake,Tate,jorge12@example.com,(186)195-0778x95221,1940-07-12,Primary school teacher
Luke,Fletcher,ravensimmons@example.net,(235)702-5980x885,1927-05-16,"Engineer, control and instrumentation"
Earl,Yates,malik60@example.com,130.153.8935x98189,1943-01-04,Dietitian
Brittany,James,sanfordmalik@example.net,+1-072-501-2836x748,1946-05-19,Purchasing manager
Wanda,Alvarado,carolyn22@example.net,001-112-893-2280x858,1981-07-09,"Therapist, music"
Mckenzie,Beltran,tgiles@example.com,670.842.1891,1914-12-11,"Engineer, electrical"
Ernest,Camacho,jennaconway@example.net,1526791903,1964-04-04,Quantity surveyor
Haley,Hays,iortega@example.org,001-668-870-9328,1976-05-01,Secretary/administrator
Dalton,Chaney,pacevirginia@example.com,(439)390-6223x0153,1951-10-09,"Social research officer, government"
Drew,Sanchez,hartelaine@example.org,904-206-6562x5727,1908-03-03,Early years teacher
Bradley,Copeland,waltonleonard@example.net,046-790-3722x3553,1984-04-05,"Engineer, aeronautical"
Alan,Randall,bernardamanda@example.com,008.797.7605,1945-08-05,"Teacher, special educational needs"
Angelica,Hull,dpennington@example.com,864.444.3451x06208,2013-08-11,Visual merchandiser
Daryl,Newman,imccann@example.org,001-445-245-4728,1966-05-07,Copy
Tristan,Morton,terrance57@example.com,1053648903,1959-05-21,Advertising art director
Tami,Compton,wmacdonald@example.org,(631)637-3650,1915-05-16,"Nurse, mental health"
Grant,Esparza,levinebianca@example.net,044.291.0252x559,1907-02-16,Historic buildings inspector/conservation officer
Sherri,Williams,smithjasmine@example.com,025-325-6554,1925-10-18,"Engineer, broadcasting (operations)"
Barbara,Bowers,david92@example.org,001-503-801-8804x091,1993-07-30,Risk analyst
Sherry,Maldonado,cassidy66@example.org,001-122-269-2914x480,1956-11-23,Retail manager
Francisco,Flowers,zachary83@example.net,+1-740-404-4829x6734,1966-09-23,"Librarian, academic"
Janice,Daugherty,ireese@example.net,+1-738-435-1686,2015-08-22,Fast food restaurant manager
Melody,Clements,christiandarryl@example.org,001-253-274-0802,1980-08-10,Public house manager
Evan,Howe,huffwyatt@example.com,614.309.7804x6157,1906-06-30,Accommodation manager
Terrance,Rowe,schroederduane@example.org,001-893-212-6379,2004-07-22,Medical secretary
Stephanie,Nunez,kaitlynwoodward@example.com,255.317.6663,1914-11-04,"Engineer, automotive"
Jimmy,Wiggins,randallcarol@example.net,343-440-2890x2649,2005-08-21,Landscape architect
Sonia,Parks,betty58@example.com,862-457-9311x766,1919-01-12,Manufacturing systems engineer
Curtis,Zamora,isaiah96@example.org,473-759-5577x515,1915-07-24,"Engineer, manufacturing"
Tracie,Baker,zblair@example.org,601-835-5192x63785,1951-01-03,"Merchandiser, retail"
Eugene,Richmond,xmontgomery@example.com,+1-313-656-7482,1993-11-26,"Teacher, special educational needs"
Lonnie,Bernard,tkoch@example.org,720-492-0967x56147,1952-12-09,Professor Emeritus
Alan,Shaffer,fitzpatrickwhitney@example.net,422-538-3403x6546,1938-10-04,Adult nurse
Grace,Mckenzie,lawsonroger@example.org,232-541-3203x6916,1973-09-11,Fast food restaurant manager
Logan,Obrien,theresa29@example.com,(153)089-2350,1990-04-22,"Engineer, communications"
Katrina,Duke,robin78@example.com,740.434.0212,1935-09-21,"Producer, radio"
Katherine,Bolton,tsullivan@example.org,001-574-087-2726x7850,1969-11-30,"Engineer, automotive"
Perry,Rollins,hebertmike@example.org,001-568-534-7273x8143,1975-04-14,Chief Marketing Officer
Makayla,York,xolson@example.net,772.561.6125,1945-01-30,"Librarian, academic"
Jo,Olsen,kbraun@example.org,782.372.6746x2582,2019-11-05,Amenity horticulturist
Christian,Mosley,anthonyalexa@example.net,+1-294-763-6641x9199,1945-11-20,Production manager
Nancy,Arias,melody43@example.net,(500)343-9851x714,2009-08-15,Multimedia programmer
Cheryl,Friedman,mdavies@example.net,+1-449-563-8394,1966-09-07,Illustrator
Helen,Maynard,bthornton@example.com,671.841.5883x575,1944-06-15,Research scientist (medical)
Jennifer,Kane,mallorycantu@example.net,(255)274-8465,2019-02-12,Insurance claims handler
Danielle,Howard,rodney01@example.net,232-108-8414,1920-04-08,Set designer
Candice,Estes,cliffordbrowning@example.net,+1-932-530-3920x4196,2021-10-24,"Designer, fashion/clothing"
Renee,Alvarado,louis68@example.org,001-617-904-1011x95460,1922-03-23,Accommodation manager
Annette,Santos,jadethompson@example.com,068-947-7736,1949-09-15,Social worker
Kerry,Newman,randall55@example.com,(400)338-9382x0631,1957-09-06,Health physicist
Lindsey,Kline,megansimpson@example.net,001-505-218-9483x2407,1995-07-11,Emergency planning/management officer
Dominic,Buchanan,angelica52@example.org,079.562.5967x89842,1914-06-17,Logistics and distribution manager
Gordon,Hess,yvonne71@example.org,148-019-8226x01837,1912-09-14,Lobbyist
Bruce,Pineda,ericksonbob@example.org,001-553-768-2080,1997-04-29,Horticultural therapist
Maxwell,Vega,emoyer@example.org,001-005-312-1029x159,2014-09-03,Speech and language therapist
Geoffrey,Lawrence,mcross@example.net,001-339-180-2004,1939-02-22,"Pharmacist, hospital"
Charlene,Schwartz,jonathoncarroll@example.net,(654)360-0206,1945-11-23,Dispensing optician
Anita,Burnett,chelseamendoza@example.com,001-919-880-6698x82822,1970-02-27,Neurosurgeon
Leslie,Patel,copelandshaun@example.net,780.016.9045x1922,1907-04-28,"Civil engineer, contracting"
Pamela,Hayden,hherring@example.com,(222)266-2752,2000-01-16,"Editor, commissioning"
Deanna,Ford,josephkimberly@example.com,001-757-819-4529x63002,1928-08-08,Geophysicist/field seismologist
Bonnie,Hammond,herbertreynolds@example.org,(083)117-8077x469,2000-06-13,"Nurse, adult"
Debra,Byrd,carolmelton@example.net,226.013.9961,2010-01-24,Tour manager
Sharon,Torres,gary51@example.org,75514069,1911-09-28,Oceanographer
Olivia,Austin,ogood@example.net,654.298.3926x2751,1955-04-04,"Geneticist, molecular"
Jean,Harmon,tstafford@example.com,423-011-4943x091,1914-09-13,Geophysicist/field seismologist
Bridget,Griffith,jeremyosborne@example.com,001-605-811-2204,1954-02-09,Historic buildings inspector/conservation officer
Curtis,Flores,hunter00@example.com,9626840627,1973-04-08,Clothing/textile technologist
Bridget,Ryan,jocelyn96@example.org,579.145.6237x01090,1967-11-04,Local government officer
Mitchell,Boyd,franciscoaguilar@example.com,969-492-9689x6742,1989-11-08,Tourist information centre manager
Peter,Bruce,max86@example.org,903-121-7928,1996-06-11,Production engineer
Jonathon,Huynh,logan73@example.com,+1-656-888-8819,1961-09-21,"Research officer, political party"
Connie,Myers,dwayne93@example.org,+1-134-079-4122x3916,1992-06-27,Television/film/video producer
Stacie,Barnett,latasha47@example.com,7153164628,1989-02-21,Politician's assistant
Jacqueline,Harper,henry51@example.net,1301630752,1938-01-03,Insurance underwriter
Kara,Bruce,marcowen@example.org,447-321-4820,1937-11-10,Chemical engineer
Caroline,Lindsey,hesscole@example.net,(513)800-9631,1944-11-20,Insurance broker
Meagan,Salazar,mmeadows@example.com,558.587.7098,1929-07-27,Music therapist
Jamie,Logan,diane97@example.org,(005)405-6818x9500,1964-06-05,Ranger/warden
Nicholas,Glenn,snowedwin@example.net,+1-379-748-4774x27663,1978-07-08,Civil Service administrator
Shane,Donaldson,cordovacaleb@example.org,862-046-3491x147,2007-01-18,Materials engineer
Norman,Zhang,dickersonjoanna@example.net,1032763274,1982-05-03,"Restaurant manager, fast food"
Pamela,Hutchinson,marczimmerman@example.org,183.881.9355x2468,1942-07-25,Stage manager
Yolanda,Stanton,cookeannette@example.net,149.501.1590x5315,1908-05-17,Banker
Phillip,Valencia,fliu@example.com,(215)931-0545x23557,2006-12-05,Optometrist
Taylor,Benton,alvin05@example.org,+1-329-571-4597x143,1914-06-06,Clinical cytogeneticist
Ebony,Ross,jtran@example.net,001-015-685-8433x54909,1957-06-26,"Scientist, forensic"
Lucas,Hess,weeksdevin@example.org,721.978.6128x8184,2019-11-03,Medical laboratory scientific officer
Alan,Nixon,gabrielarosario@example.com,+1-506-126-5723x259,1992-11-21,Public relations account executive
Ernest,Wong,hornmackenzie@example.net,(943)444-8724,1975-04-01,Technical author
Kristina,Krueger,fstuart@example.org,3866458129,1935-10-27,Medical laboratory scientific officer
Shaun,Nixon,gilbertgrant@example.com,(818)062-7676,2003-03-01,Commercial/residential surveyor
Anthony,Wallace,ritarice@example.com,001-179-132-1603x752,2021-11-10,Water quality scientist
William,Ingram,pcurtis@example.com,806.073.4010,1926-01-18,Health physicist
Bobby,Day,shawn17@example.org,197.437.5363x341,1979-06-14,Computer games developer
Krista,Booker,karina40@example.com,605-274-3835,1909-07-13,Adult guidance worker
Isaiah,Hood,ian42@example.com,(091)991-5163,2012-08-08,"Scientist, audiological"
Gilbert,Church,bruce35@example.com,001-417-776-1663x831,1971-07-15,Museum/gallery conservator
Dawn,Francis,vharmon@example.org,6567039189,1995-04-12,Civil Service fast streamer
Melody,Jacobson,andre64@example.org,828.725.8358,1954-06-11,Licensed conveyancer
Edgar,Ball,yvalenzuela@example.org,001-564-357-3811x48845,1975-04-05,"Engineer, drilling"
Allison,Walls,ithomas@example.org,+1-831-337-4453x69562,1938-10-02,"Programmer, multimedia"
Clayton,Anderson,doylevictor@example.com,7030930740,2006-08-17,Graphic designer
Desiree,Beltran,mcbridehunter@example.com,+1-044-198-1145x772,1929-08-03,Photographer
Yvette,Webster,sonya26@example.com,795-860-8920,2006-08-14,Clothing/textile technologist
Albert,Cross,vsoto@example.com,987-424-9440x903,1906-12-27,Diplomatic Services operational officer
Kara,Gamble,paynetamara@example.org,+1-740-899-7655x05268,1998-06-16,Primary school teacher
Yolanda,Miller,pfrye@example.org,(997)139-9531x88690,1978-12-14,Senior tax professional/tax inspector
Cheryl,Tucker,caseyanita@example.net,1749251229,1972-08-11,Fisheries officer
Beverly,Clarke,smolina@example.com,1659563807,1978-11-30,Higher education lecturer
Kerri,Morris,valdezbrooke@example.net,451.369.8716,2011-06-30,"Conservator, furniture"
Ralph,Richards,alexa92@example.com,3328594631,1942-01-30,Contractor
Stefanie,Castillo,holdenanne@example.com,+1-842-718-8551,1924-04-12,Ship broker
Judith,Huff,hallwhitney@example.org,701.939.6996,1959-08-05,Academic librarian
Benjamin,Ramsey,hbeltran@example.com,(873)889-9471,1981-12-17,Land/geomatics surveyor
Pamela,Dean,randyhogan@example.org,6119355874,1946-02-11,Product manager
Tricia,Chandler,katrinamacias@example.net,(288)206-2798,1952-08-06,Primary school teacher
Zachary,Nixon,claudiayoung@example.com,333-779-8097x2347,1986-09-12,"Scientist, physiological"
Leon,Guerrero,hbright@example.net,586.034.1297,1924-02-22,Translator
Lacey,Casey,bennettjoseph@example.com,001-950-937-3674x3504,1979-11-07,Illustrator
Yesenia,Petty,braychad@example.net,+1-724-289-2580x837,1963-02-13,Information officer
Phillip,Morales,cshaw@example.net,(047)032-2027x3605,1981-12-13,Tourist information centre manager
Teresa,Powers,brycehernandez@example.org,(708)774-7454x729,1949-10-29,"Designer, textile"
Stacy,Roach,margaretlane@example.org,027-908-7316x725,1978-01-08,"Buyer, retail"
Gary,Blackwell,royjay@example.org,(786)106-0223,1939-08-25,Facilities manager
Jasmine,Irwin,schroederjeffrey@example.com,+1-263-695-2606x7586,1949-12-26,Fashion designer
Angie,Munoz,karlpotter@example.net,001-772-944-6336x168,1984-09-26,Land/geomatics surveyor
Stanley,Beard,dalestephens@example.net,001-470-693-4050x95296,1962-06-18,Public relations account executive
Mary,Donaldson,collinlara@example.net,(223)537-4201,1965-02-03,Psychotherapist
Tristan,Aguirre,kcarroll@example.org,2526790147,1928-09-10,Paramedic
Jessica,Stokes,millerharry@example.com,001-533-240-1695x679,1945-08-24,Control and instrumentation engineer
Kerry,Downs,johnsdawn@example.net,943-245-8254x8788,1906-09-25,"Doctor, general practice"
Megan,Owen,cpeck@example.net,386-935-3146,1921-08-18,Corporate investment banker
Steven,Decker,tgibson@example.net,697-507-8931,2015-09-14,Analytical chemist
Dwayne,Vazquez,karlgarcia@example.net,(388)333-7353x8324,2011-06-13,Advertising art director
Chelsey,Singh,braunstanley@example.org,(766)644-1565x07376,1987-05-07,"Merchandiser, retail"
Alex,Newton,jerryhenson@example.net,061.212.6336,1941-06-12,"Surveyor, hydrographic"
Bethany,Walsh,hurstadrian@example.org,+1-302-773-8245x25654,1965-07-30,Arts administrator
Mario,Pennington,peggy95@example.org,193-186-9967,2000-12-27,Writer
Deborah,Benjamin,eross@example.org,(488)295-3387x30397,1956-10-30,Travel agency manager
Marc,Owens,vernon03@example.com,678.889.5526x04700,2018-04-04,Newspaper journalist
Kristin,Love,chasearthur@example.org,001-588-163-4981x9542,2007-09-04,"Conservation officer, nature"
Frederick,Villegas,pamlozano@example.net,416-187-9026,1927-08-18,"Programme researcher, broadcasting/film/video"
Angel,Vance,slarson@example.com,649-364-1585,1949-07-25,Media buyer
Tasha,Stout,russojeremy@example.org,(483)808-6506,1988-01-09,Tax adviser
Emily,Good,lincindy@example.com,4340260358,2014-10-17,Quantity surveyor
Warren,Harrington,tyler70@example.org,736-844-2429x298,1999-10-25,Biomedical scientist
Julian,Camacho,traceyhiggins@example.org,(328)712-6257x1223,1976-01-06,"Engineer, electronics"
Edward,Powers,jbenjamin@example.com,+1-044-835-4404x483,2008-05-20,Radiation protection practitioner
Hector,Fritz,shutchinson@example.org,093.258.2270,2013-10-11,Catering manager
Brittney,May,ocochran@example.org,(731)154-7011x27829,1980-07-15,Metallurgist
Bethany,Santos,knoxmaxwell@example.org,001-292-893-9228x7012,1962-11-03,"Investment banker, corporate"
Vicki,Mitchell,deborah98@example.com,001-931-175-0300x6963,1965-03-22,"Pilot, airline"
Jay,Perkins,monroeclayton@example.net,715-832-8924,1960-06-18,"Education officer, environmental"
Candace,Case,michael90@example.org,9243744843,1911-07-10,Operations geologist
Valerie,Welch,iortiz@example.net,001-607-800-4979x96494,1918-06-07,Brewing technologist
Hunter,Blair,vcabrera@example.com,463-565-9012,2008-12-29,Mental health nurse
Phillip,Barnes,ferrellamanda@example.org,203-841-2499,1917-02-23,Architect
Micheal,Booker,traceyrice@example.org,132.838.1663x38051,1976-04-04,Oceanographer
Daniel,Morris,gillespiebruce@example.org,916-379-5370x9984,1926-05-07,"Nurse, mental health"
Jonathan,Molina,cbryant@example.org,269-521-3375x516,2005-05-29,Financial adviser
Kirk,Norton,hahnroberto@example.org,825.175.3063x06412,1923-04-07,Broadcast presenter
Kurt,Liu,ross34@example.org,+1-117-851-1795x26956,1970-11-26,Therapeutic radiographer
Stefanie,Prince,ohorn@example.com,+1-947-012-2217x8447,1968-03-19,Leisure centre manager
Ariana,Hickman,morganwendy@example.net,(278)093-3663,1948-06-04,Podiatrist
Lydia,Torres,cherylmcmillan@example.org,(815)610-5096x2795,1955-03-03,Therapeutic radiographer
Jenny,Hurley,balldrew@example.net,+1-460-516-0197x80941,1961-07-04,Dance movement psychotherapist
Ryan,Ward,randall14@example.org,001-250-675-6940x85289,1960-04-06,IT sales professional
Aimee,Bridges,jbautista@example.com,7342847803,1960-03-23,"Nurse, children's"
Kari,Brewer,michaelgallegos@example.net,7019789360,1991-12-14,"Solicitor, Scotland"
Vicki,Park,katie93@example.net,(568)275-6748x2490,1981-06-27,Production engineer
Kerri,Simpson,sparksrodney@example.net,5341896335,1980-06-24,Learning mentor
Raven,Moore,klinecody@example.com,(583)649-1693x8409,1967-07-11,Museum/gallery conservator
Darryl,Barton,danielskim@example.com,309854071,1922-12-29,Prison officer
Leah,Benton,cody23@example.net,665.207.8772x57230,2001-01-15,Plant breeder/geneticist
Bernard,Schroeder,walter74@example.net,950.519.1474x5235,1943-07-17,Early years teacher
Robert,Montgomery,anita65@example.com,(113)014-7831x9464,1969-05-04,Media planner
Randall,Collins,pmcmahon@example.com,000-017-1834x8902,2012-01-31,"Conservator, furniture"
Stacie,Archer,paynescott@example.net,995-193-0690,1980-08-13,Cartographer
Eduardo,Rodgers,christyrichards@example.net,(934)434-0536x044,1911-01-30,"Librarian, academic"
Robert,Avila,judithpotts@example.com,417-175-6316,1944-04-14,Forensic psychologist
Jermaine,Michael,meghan13@example.com,102-357-5047x964,1937-02-16,Medical laboratory scientific officer
Lance,Blankenship,chelsea50@example.com,(793)311-5008,1957-11-03,"Nurse, mental health"
Alvin,Smith,johnathanshields@example.org,80095682,1970-01-21,Immunologist
Kathryn,Bernard,sarah48@example.com,+1-564-314-1216,1957-08-17,"Conservation officer, nature"
Jamie,Jimenez,reevesphilip@example.net,193-705-1010,1919-12-09,Social worker
Francisco,Hutchinson,kayla48@example.net,6556708415,1960-04-24,Paediatric nurse
Earl,Jenkins,rcochran@example.com,+1-893-987-0637x94105,2015-08-25,Microbiologist
Heather,Snyder,micheal66@example.net,(683)029-9498x16512,2010-08-11,"Nurse, children's"
Christine,Matthews,pbean@example.org,393-599-5924x2414,1964-01-01,Sales executive
Kaylee,Dixon,brendanstewart@example.net,(127)899-0101,1986-07-04,"Scientist, research (physical sciences)"
Ariel,Prince,bhardin@example.org,001-429-361-9801,2003-08-06,Product/process development scientist
Emma,Hinton,nichole84@example.org,416.377.5635x626,1934-03-29,Education administrator
Kara,Esparza,cfrancis@example.com,517.501.4960,1943-10-14,"Scientist, research (medical)"
Erika,Cruz,cjimenez@example.com,+1-007-694-5726,1963-05-09,Furniture designer
Preston,Erickson,hectorchristensen@example.com,712.074.3771x26390,1934-10-29,"Research officer, trade union"
Brittney,Norris,albert29@example.com,771-157-8817x42260,1926-12-02,Clinical embryologist
Gilbert,Lin,louisgould@example.org,614.800.0257x53837,1910-09-07,Medical physicist
Jose,Deleon,francesbeltran@example.com,566.226.6794x994,1969-05-14,Investment analyst
Phyllis,Strickland,edgar84@example.com,(498)216-2789x8582,2002-06-03,"Doctor, hospital"
Robyn,Ferrell,sblevins@example.com,001-452-848-2181x328,2007-03-07,"Editor, magazine features"
Marie,Taylor,adrian94@example.org,(193)251-1665x457,1972-05-29,"Lecturer, higher education"
Cameron,Gray,vicki49@example.org,(997)042-7826,1930-04-10,Animal technologist
Calvin,Gilbert,dustinclayton@example.org,001-085-594-4559x872,1945-04-16,Best boy
Glenn,Graves,jermainewalters@example.net,(742)983-1958x88209,1929-03-27,Visual merchandiser
Jeff,Olsen,shepherdallen@example.net,211-241-9990,1981-06-04,Legal executive
Wyatt,Monroe,btaylor@example.com,(941)198-6784x51878,1929-03-01,Records manager
Gina,Leon,joywhite@example.com,(447)170-2766,1987-01-20,"Engineer, manufacturing systems"
Susan,Fritz,shane47@example.org,4942716417,2021-09-17,"Scientist, biomedical"
Tommy,Combs,figueroaalice@example.net,204-364-8124,2020-11-19,Chiropractor
Julian,Sherman,zsantana@example.com,907-675-0674,1941-05-02,Radio producer
Fernando,Carpenter,justincombs@example.com,001-642-984-5062x89151,1989-10-25,Chief Strategy Officer
Leonard,Parsons,christinaconner@example.com,+1-322-128-5896,1942-09-07,Seismic interpreter
Nina,Giles,mchase@example.com,679-582-1062x14875,1943-01-13,Legal executive
Anne,Fox,egeorge@example.org,197.767.7821x848,2004-11-18,Associate Professor
Mandy,Green,jesushowell@example.com,001-597-675-6361x0485,1915-09-03,Market researcher
Angel,Stokes,zdavies@example.net,126-419-8333,1982-08-19,Social worker
Bryce,Ball,chelsey42@example.net,001-463-956-2617x8538,2018-04-07,Financial adviser
Whitney,Vargas,kirkoliver@example.com,001-729-772-8427,1946-03-04,Geochemist
Natalie,Grimes,preston37@example.net,(681)509-1787,2008-12-27,Patent examiner
Vickie,Velez,danielroberson@example.com,+1-708-912-3443x0302,1978-03-04,"Teacher, special educational needs"
Grant,Morrison,edward48@example.org,603-124-4407x470,1906-12-29,Glass blower/designer
Bradley,Douglas,ymunoz@example.org,838-094-8445x4980,1921-10-21,Environmental health practitioner
Roberto,Yu,barbaragreene@example.org,284.011.6269x7372,1910-07-17,Logistics and distribution manager
Debbie,Lozano,debbie77@example.net,001-897-602-1941x969,1994-07-13,Network engineer
Henry,Ellis,houseshari@example.net,555.186.4175x684,2001-11-22,Telecommunications researcher
Kyle,Bartlett,priscilla10@example.net,7361854341,1974-11-16,"Psychologist, sport and exercise"
Ricky,Fitzpatrick,renee45@example.com,222.092.5549,1952-06-20,Applications developer
Tanya,Spencer,rodom@example.com,316-841-7176x52474,2002-08-12,Trade union research officer
Francis,Walter,fflores@example.net,498.831.3862,1960-08-20,"Investment banker, corporate"
Lydia,Alexander,christiemacdonald@example.net,(146)647-9813x47911,1991-07-11,Animal technologist
Jessica,Chambers,mark07@example.com,566.253.5450,1923-02-01,Field seismologist
Summer,Escobar,kelseyholden@example.com,221-605-4196,1909-09-19,Dealer
Marisa,Vance,qmontgomery@example.net,+1-395-726-1649,1975-11-17,Fitness centre manager
Gabrielle,Fritz,gene66@example.com,(694)789-6740x4269,1926-03-02,Clothing/textile technologist
Maureen,Barrett,cranerick@example.org,657-424-3917x88297,1995-02-18,Warden/ranger
Cody,Arnold,glovermike@example.com,534.256.6123x51204,1955-06-08,Database administrator
Holly,Manning,vmckinney@example.net,8792929924,1915-06-06,"Radiographer, therapeutic"
Samantha,Barr,qromero@example.net,481.940.8804x068,1920-09-01,"Programme researcher, broadcasting/film/video"
Hailey,Pena,castrocalvin@example.net,231.412.1068,1984-09-18,Clothing/textile technologist
Phillip,Dalton,louissolomon@example.net,(228)076-5172x949,1959-08-07,"Programmer, multimedia"
Maria,Downs,christopher66@example.com,(683)156-5726,1979-04-29,"Surveyor, quantity"
Sarah,Ayers,maria81@example.org,508-621-1649x47242,2018-09-28,Local government officer
Gregg,Hurst,edwarddennis@example.org,027.309.9261x686,1940-12-23,Furniture designer
Micheal,Todd,nkane@example.com,479-260-5736x11742,2002-12-19,Nature conservation officer
Gabriel,Heath,megangamble@example.com,001-194-635-5597x047,1964-01-25,Wellsite geologist
Joy,Mercer,tricia97@example.org,7886901348,1955-06-18,Barrister's clerk
Karen,Brown,cbenson@example.net,628.117.2792x092,1999-05-26,Financial risk analyst
Molly,Gutierrez,romangwendolyn@example.org,778.519.8483,1971-11-05,Medical technical officer
Scott,Mcmahon,collingillespie@example.com,(787)893-9577x779,1966-02-05,Clinical psychologist
Grace,Bolton,efrey@example.net,+1-665-399-5184,1941-04-30,Energy engineer
Kerry,Andersen,stronghector@example.org,838.970.5884,1965-05-25,Trading standards officer
Xavier,Johnston,yparks@example.org,281-872-8168x51705,1995-03-17,Probation officer
Dustin,Hudson,fernandezkirsten@example.com,+1-895-041-8709x40343,2019-05-18,International aid/development worker
Brendan,Gilbert,isaiahlewis@example.com,(269)248-5703,1989-02-26,"Production assistant, television"
Cory,Forbes,colonglenn@example.net,406-043-4594x5418,1985-11-10,Theatre director
Carla,Marshall,maxwell65@example.com,001-877-739-6300x3419,1917-08-23,Arts development officer
Tracy,Jarvis,slevy@example.org,+1-938-842-1157x84286,1964-04-11,Associate Professor
Anne,Garza,ecraig@example.org,028.783.7477x505,1963-01-07,Camera operator
Megan,Mcdonald,clarsen@example.net,001-054-248-5728x337,1992-10-13,Clinical research associate
Sydney,Trujillo,gail52@example.net,(179)037-3088x4653,1955-06-10,Hotel manager
Regina,Mclaughlin,daisybailey@example.net,876.690.3205x085,2006-02-20,Air broker
Randy,Bowen,marie87@example.org,928.007.5065x989,1992-12-20,Barista
Darin,Wu,osilva@example.net,001-357-295-5098,1955-03-20,"Surveyor, planning and development"
Tracey,Hurley,christiewilkins@example.net,(071)825-3776x427,1996-01-02,Health physicist
Jocelyn,Hodge,lvazquez@example.com,179-136-1668,1934-03-11,Sport and exercise psychologist
Susan,Joseph,carrollpaula@example.org,373-024-3426,1968-01-29,"Engineer, agricultural"
Whitney,Burke,carlrosales@example.com,2979077002,1927-05-01,Media buyer
Emma,Caldwell,fryrita@example.org,(720)107-5417x0679,1951-08-20,General practice doctor
Valerie,Koch,nwallace@example.net,950.637.4269,1911-03-15,Geochemist
Kiara,Miranda,alvarezamber@example.net,266.302.9944x37292,1920-08-26,"Designer, furniture"
Karla,Shelton,francislowe@example.com,(832)103-0696x48404,1964-08-19,Building control surveyor
Marisa,Snyder,bradshawpamela@example.org,+1-444-787-8629x309,2003-08-24,Museum/gallery conservator
Lynn,Cordova,ernestblake@example.net,+1-598-679-0779x4428,1958-12-22,Insurance account manager
Sydney,Leonard,jason39@example.org,001-254-370-5353,1977-05-28,Counselling psychologist
Diane,Patel,marco98@example.org,+1-114-251-7848,1930-02-11,Media buyer
Christian,Zuniga,bryantbreanna@example.net,070.456.0525x745,2001-01-11,"Librarian, public"
Clayton,Hale,mitchell97@example.net,432-914-6682,1953-12-01,Research scientist (maths)
Brandon,Campbell,cortezdarin@example.org,271-573-5376x711,1986-03-01,Arts administrator
Haley,Gay,davilaallen@example.org,129-167-7289,1939-05-19,"Surveyor, planning and development"
Megan,Roberts,nathaniel50@example.net,(296)560-4606x127,1929-12-21,Artist
Kathleen,Lang,awhitaker@example.net,921.542.7766,2021-08-09,Amenity horticulturist
Traci,Duke,perryhoffman@example.org,+1-903-596-0995x489,1997-02-11,Herbalist
Bryan,Dawson,tristan32@example.org,(869)053-4142x60124,1965-08-12,Gaffer
Caitlyn,Wiggins,tschmidt@example.net,991.345.9808,2007-02-24,Solicitor
Mary,Salinas,kirstenkelly@example.net,(630)092-6365x346,1985-11-03,Animal nutritionist
Cassie,Knapp,lyonssylvia@example.com,773-022-2720,1957-03-20,Trading standards officer
Nathaniel,Shaffer,marcusmadden@example.org,4019101915,1942-04-13,Jewellery designer
Marcia,Wilcox,aguilarjenna@example.com,883-178-9162x8349,1996-07-27,Data processing manager
Jose,Webb,hayley94@example.net,(369)212-7750x511,1950-01-30,"Engineer, technical sales"
Drew,Valentine,sandra27@example.com,001-867-462-6437x986,1943-12-09,"Horticulturist, amenity"
Max,Madden,staceyallison@example.org,+1-259-648-9564x073,1975-05-17,Museum education officer
Valerie,Wright,betty69@example.net,576-096-6192x3244,1967-02-03,Occupational hygienist
Elijah,Barnett,hayley69@example.com,187-629-0069x666,1907-03-19,Minerals surveyor
Jeanne,Mata,fmercado@example.com,540-691-8062x229,1940-02-17,Technical brewer
Sylvia,Cisneros,perezdana@example.net,(562)770-0620x070,1914-12-31,Phytotherapist
Linda,Patterson,tamiblair@example.org,169.475.4021x656,1989-06-29,Actuary
Peggy,Guerrero,joanna72@example.net,(611)951-4635x707,2021-10-22,"Engineer, agricultural"
Tracey,George,dorothyhaas@example.org,345-071-0901,1931-08-06,"Accountant, chartered public finance"
Curtis,Bolton,sherry25@example.com,+1-210-167-7678,1967-07-27,Astronomer
Candice,Cervantes,fpowell@example.net,(021)972-2970x7765,1978-03-04,Chartered certified accountant
Rodney,Obrien,hardinross@example.net,338-742-1755x20799,1931-10-01,Printmaker
Jay,Lawson,yesenia63@example.net,001-294-785-3161x10900,1996-07-13,"Surveyor, building control"
Shawn,Hogan,bfreeman@example.net,+1-263-115-1291x70186,1996-10-22,Administrator
Bob,Park,bromero@example.com,170.090.1757x4281,1982-11-07,Adult guidance worker
Carmen,Stevenson,perryhubbard@example.org,1215885174,1958-08-12,Occupational psychologist
Dawn,Hickman,ruth92@example.com,001-331-453-1563x2715,1984-11-05,Field trials officer
Elaine,Nichols,kelsey75@example.com,(768)340-5471x37859,1920-01-31,Investment analyst
Ross,Carrillo,bknapp@example.net,+1-317-135-1701,1907-01-19,"Teacher, primary school"
Blake,Long,navila@example.net,440.831.7052,1922-02-12,Radiation protection practitioner
Johnny,Phillips,francis02@example.org,1037883254,1948-03-30,Maintenance engineer
Tanner,Ford,alyssa63@example.com,+1-020-501-5624x8532,1980-01-17,"Accountant, chartered certified"
Louis,Hayden,wvasquez@example.org,(523)377-8571x2287,1945-11-15,Haematologist
Lonnie,Meza,cwilkins@example.net,+1-709-051-7668x51394,1965-09-24,Armed forces logistics/support/administrative officer
Kellie,Frye,wesleymcknight@example.com,317.051.6578x759,1955-07-06,"Administrator, Civil Service"
Claudia,Leon,brittney08@example.org,(679)692-7198x9109,1931-11-19,Occupational hygienist
Evan,Logan,shermanlacey@example.net,303.083.3066,1920-01-20,"Engineer, civil (contracting)"
Monica,Fry,clarkeshaun@example.net,001-390-730-5653x49003,1911-03-21,Chiropodist
Caleb,Nguyen,janice77@example.com,(370)809-0651x2330,1949-04-23,Osteopath
Tasha,Lamb,darryl45@example.net,161.061.1526x49903,1972-01-18,IT technical support officer
Alyssa,Cisneros,shelia93@example.net,641.972.7875x334,1972-02-25,Fish farm manager
Seth,Bullock,joann83@example.org,027-061-5404,1920-08-15,Publishing copy
Logan,Henry,markbenitez@example.com,001-089-880-7839,1962-09-23,Counsellor
Mark,Bishop,gabrielgarcia@example.net,572.730.5436x9018,1976-08-08,"Restaurant manager, fast food"